,Gryffindor,Hufflepuff,Ravenclaw,Slytherin
Arithmancy,-0.03564611189588677,0.044249366150711546,0.017468693897117138,0.0015269121434945121
Astronomy,0.15515559865888714,0.6696282624365238,-0.46377765437740526,-0.3726226051651059
Herbology,-0.4978146369053081,0.6384186655886542,0.3263475767656162,-0.512925493114392
Defense Against the Dark Arts,-0.1525594932054245,-0.6723522404715678,0.4629311547303798,0.37446134089955496
Divination,0.12958656629836235,0.3580430282559668,0.28433879953227104,-0.7865416786193327
Muggle Studies,-0.09094283175182993,-0.4188269747725127,0.7699449250765784,-0.2366580206673949
Ancient Runes,0.4582605695221538,-0.7061658033667613,0.6174655494227348,-0.3197632420567506
History of Magic,-0.5851832487861615,0.4126882708958278,0.07895687462022731,0.04157017299818935
Transfiguration,-0.6377676177863033,0.40222066859414307,0.08620907129178917,0.10167188725038585
Potions,-0.20320575277890301,-0.22418164146587718,0.0660700597605296,0.3473985230377332
Care of Magical Creatures,-0.03881685494973164,0.030900275663339374,0.01728901742764372,-0.016887967004649895
Charms,-0.31014831905392126,-0.03019202905799397,0.699016962795925,-0.3794010631686977
Flying,0.5800523640798537,-0.27671878932839666,0.013693269483336143,-0.2838873785769058
bias,-1.013158637654186,-0.6238096510718041,-0.7864233534760662,-1.1250725469049616
